diseases,preferred medications
abdominal aortic aneurysm,"aspirin, P2Y12 inhibitor (clopidogrel), heparin, beta blocker, high-intensity statin"
abdominal hernia,"aspirin, P2Y12 inhibitor (clopidogrel), heparin, beta blocker, high-intensity statin"
abscess of nose,"symptomatic management (acetaminophen, ibuprofen); condition-specific therapy as indicated"
abscess of the lung,"symptomatic management (acetaminophen, ibuprofen); condition-specific therapy as indicated"
abscess of the pharynx,"symptomatic management (acetaminophen, ibuprofen); condition-specific therapy as indicated"
acanthosis nigricans,"symptomatic management (acetaminophen, ibuprofen); condition-specific therapy as indicated"
acariasis,"symptomatic management (acetaminophen, ibuprofen); condition-specific therapy as indicated"
achalasia,"symptomatic management (acetaminophen, ibuprofen); condition-specific therapy as indicated"
acne,"benzoyl peroxide, topical retinoid, doxycycline, isotretinoin"
actinic keratosis,"symptomatic management (acetaminophen, ibuprofen); condition-specific therapy as indicated"
acute bronchiolitis,"symptomatic management (acetaminophen, ibuprofen); condition-specific therapy as indicated"
acute bronchitis,"symptomatic management (acetaminophen, ibuprofen); condition-specific therapy as indicated"
acute bronchospasm,"symptomatic management (acetaminophen, ibuprofen); condition-specific therapy as indicated"
acute fatty liver of pregnancy (aflp),"symptomatic management (acetaminophen, ibuprofen); condition-specific therapy as indicated"
acute glaucoma,"symptomatic management (acetaminophen, ibuprofen); condition-specific therapy as indicated"
acute kidney injury,"acetaminophen, NSAIDs, short-course opioids (severe)"
acute otitis media,amoxicillin
acute pancreatitis,"IV fluids, analgesics (opioid sparingly)"
acute respiratory distress syndrome (ards),"symptomatic management (acetaminophen, ibuprofen); condition-specific therapy as indicated"
acute sinusitis,"amoxicillin-clavulanate (bacterial), intranasal steroids"
acute stress reaction,"symptomatic management (acetaminophen, ibuprofen); condition-specific therapy as indicated"
adhesive capsulitis of the shoulder,"symptomatic management (acetaminophen, ibuprofen); condition-specific therapy as indicated"
adjustment reaction,"symptomatic management (acetaminophen, ibuprofen); condition-specific therapy as indicated"
adrenal adenoma,"symptomatic management (acetaminophen, ibuprofen); condition-specific therapy as indicated"
adrenal cancer,"symptomatic management (acetaminophen, ibuprofen); condition-specific therapy as indicated"
alcohol abuse,"symptomatic management (acetaminophen, ibuprofen); condition-specific therapy as indicated"
alcohol intoxication,"symptomatic management (acetaminophen, ibuprofen); condition-specific therapy as indicated"
alcohol withdrawal,"symptomatic management (acetaminophen, ibuprofen); condition-specific therapy as indicated"
alcoholic liver disease,"symptomatic management (acetaminophen, ibuprofen); condition-specific therapy as indicated"
allergy,"symptomatic management (acetaminophen, ibuprofen); condition-specific therapy as indicated"
allergy to animals,"symptomatic management (acetaminophen, ibuprofen); condition-specific therapy as indicated"
alopecia,"symptomatic management (acetaminophen, ibuprofen); condition-specific therapy as indicated"
alzheimer disease,"donepezil, rivastigmine, memantine"
amblyopia,"symptomatic management (acetaminophen, ibuprofen); condition-specific therapy as indicated"
amyloidosis,"symptomatic management (acetaminophen, ibuprofen); condition-specific therapy as indicated"
amyotrophic lateral sclerosis (als),"symptomatic management (acetaminophen, ibuprofen); condition-specific therapy as indicated"
anal fissure,"symptomatic management (acetaminophen, ibuprofen); condition-specific therapy as indicated"
anal fistula,"symptomatic management (acetaminophen, ibuprofen); condition-specific therapy as indicated"
anemia,"aspirin, P2Y12 inhibitor (clopidogrel), heparin, beta blocker, high-intensity statin"
anemia due to chronic kidney disease,"aspirin, P2Y12 inhibitor (clopidogrel), heparin, beta blocker, high-intensity statin"
anemia due to malignancy,"aspirin, P2Y12 inhibitor (clopidogrel), heparin, beta blocker, high-intensity statin"
anemia of chronic disease,"aspirin, P2Y12 inhibitor (clopidogrel), heparin, beta blocker, high-intensity statin"
angina,"symptomatic management (acetaminophen, ibuprofen); condition-specific therapy as indicated"
ankylosing spondylitis,"symptomatic management (acetaminophen, ibuprofen); condition-specific therapy as indicated"
anxiety,"symptomatic management (acetaminophen, ibuprofen); condition-specific therapy as indicated"
aortic valve disease,"symptomatic management (acetaminophen, ibuprofen); condition-specific therapy as indicated"
aphakia,"symptomatic management (acetaminophen, ibuprofen); condition-specific therapy as indicated"
aphthous ulcer,"symptomatic management (acetaminophen, ibuprofen); condition-specific therapy as indicated"
aplastic anemia,"aspirin, P2Y12 inhibitor (clopidogrel), heparin, beta blocker, high-intensity statin"
appendicitis,"symptomatic management (acetaminophen, ibuprofen); condition-specific therapy as indicated"
arrhythmia,"aspirin, P2Y12 inhibitor (clopidogrel), heparin, beta blocker, high-intensity statin"
arthritis of the hip,"symptomatic management (acetaminophen, ibuprofen); condition-specific therapy as indicated"
ascending cholangitis,"symptomatic management (acetaminophen, ibuprofen); condition-specific therapy as indicated"
asperger syndrome,"symptomatic management (acetaminophen, ibuprofen); condition-specific therapy as indicated"
aspergillosis,"symptomatic management (acetaminophen, ibuprofen); condition-specific therapy as indicated"
asthma,"inhaled corticosteroid (budesonide), formoterol as needed, albuterol rescue"
astigmatism,"symptomatic management (acetaminophen, ibuprofen); condition-specific therapy as indicated"
atelectasis,"symptomatic management (acetaminophen, ibuprofen); condition-specific therapy as indicated"
athlete's foot,"symptomatic management (acetaminophen, ibuprofen); condition-specific therapy as indicated"
atonic bladder,"symptomatic management (acetaminophen, ibuprofen); condition-specific therapy as indicated"
atrial fibrillation,"metoprolol, diltiazem, apixaban"
atrial flutter,"symptomatic management (acetaminophen, ibuprofen); condition-specific therapy as indicated"
atrophic skin condition,"symptomatic management (acetaminophen, ibuprofen); condition-specific therapy as indicated"
atrophic vaginitis,"metronidazole (BV or trichomoniasis), fluconazole (candidiasis)"
atrophy of the corpus cavernosum,"symptomatic management (acetaminophen, ibuprofen); condition-specific therapy as indicated"
attention deficit hyperactivity disorder (adhd),"methylphenidate, lisdexamfetamine, atomoxetine"
autism,"symptomatic management (acetaminophen, ibuprofen); condition-specific therapy as indicated"
autonomic nervous system disorder,"aspirin, P2Y12 inhibitor (clopidogrel), heparin, beta blocker, high-intensity statin"
avascular necrosis,"symptomatic management (acetaminophen, ibuprofen); condition-specific therapy as indicated"
balanitis,"symptomatic management (acetaminophen, ibuprofen); condition-specific therapy as indicated"
bell palsy,"symptomatic management (acetaminophen, ibuprofen); condition-specific therapy as indicated"
benign kidney cyst,"symptomatic management (acetaminophen, ibuprofen); condition-specific therapy as indicated"
benign paroxysmal positional vertical (bppv),"symptomatic management (acetaminophen, ibuprofen); condition-specific therapy as indicated"
benign prostatic hyperplasia (bph),"tamsulosin, finasteride"
benign vaginal discharge (leukorrhea),"symptomatic management (acetaminophen, ibuprofen); condition-specific therapy as indicated"
bipolar disorder,"lithium, valproate, quetiapine, lamotrigine"
birth trauma,"symptomatic management (acetaminophen, ibuprofen); condition-specific therapy as indicated"
bladder cancer,"symptomatic management (acetaminophen, ibuprofen); condition-specific therapy as indicated"
bladder disorder,"symptomatic management (acetaminophen, ibuprofen); condition-specific therapy as indicated"
bladder obstruction,"symptomatic management (acetaminophen, ibuprofen); condition-specific therapy as indicated"
blepharitis,"symptomatic management (acetaminophen, ibuprofen); condition-specific therapy as indicated"
blepharospasm,"symptomatic management (acetaminophen, ibuprofen); condition-specific therapy as indicated"
bone cancer,"symptomatic management (acetaminophen, ibuprofen); condition-specific therapy as indicated"
bone disorder,"symptomatic management (acetaminophen, ibuprofen); condition-specific therapy as indicated"
bone spur of the calcaneous,"symptomatic management (acetaminophen, ibuprofen); condition-specific therapy as indicated"
brachial neuritis,"symptomatic management (acetaminophen, ibuprofen); condition-specific therapy as indicated"
brain cancer,"symptomatic management (acetaminophen, ibuprofen); condition-specific therapy as indicated"
breast cancer,"symptomatic management (acetaminophen, ibuprofen); condition-specific therapy as indicated"
breast cyst,"symptomatic management (acetaminophen, ibuprofen); condition-specific therapy as indicated"
breast infection (mastitis),"symptomatic management (acetaminophen, ibuprofen); condition-specific therapy as indicated"
broken tooth,"symptomatic management (acetaminophen, ibuprofen); condition-specific therapy as indicated"
bunion,"symptomatic management (acetaminophen, ibuprofen); condition-specific therapy as indicated"
burn,"symptomatic management (acetaminophen, ibuprofen); condition-specific therapy as indicated"
bursitis,"acetaminophen, NSAIDs, short-course opioids (severe)"
callus,"symptomatic management (acetaminophen, ibuprofen); condition-specific therapy as indicated"
carbon monoxide poisoning,"symptomatic management (acetaminophen, ibuprofen); condition-specific therapy as indicated"
carcinoid syndrome,"symptomatic management (acetaminophen, ibuprofen); condition-specific therapy as indicated"
cardiac arrest,"symptomatic management (acetaminophen, ibuprofen); condition-specific therapy as indicated"
cardiomyopathy,"symptomatic management (acetaminophen, ibuprofen); condition-specific therapy as indicated"
carpal tunnel syndrome,"symptomatic management (acetaminophen, ibuprofen); condition-specific therapy as indicated"
cat scratch disease,"symptomatic management (acetaminophen, ibuprofen); condition-specific therapy as indicated"
cataract,"symptomatic management (acetaminophen, ibuprofen); condition-specific therapy as indicated"
celiac disease,"symptomatic management (acetaminophen, ibuprofen); condition-specific therapy as indicated"
cellulitis or abscess of mouth,"cephalexin, clindamycin (if MRSA risk)"
central atherosclerosis,"symptomatic management (acetaminophen, ibuprofen); condition-specific therapy as indicated"
central retinal artery or vein occlusion,"symptomatic management (acetaminophen, ibuprofen); condition-specific therapy as indicated"
cerebral edema,"symptomatic management (acetaminophen, ibuprofen); condition-specific therapy as indicated"
cerebral palsy,"symptomatic management (acetaminophen, ibuprofen); condition-specific therapy as indicated"
cervical cancer,"symptomatic management (acetaminophen, ibuprofen); condition-specific therapy as indicated"
cervical disorder,"symptomatic management (acetaminophen, ibuprofen); condition-specific therapy as indicated"
cervicitis,"symptomatic management (acetaminophen, ibuprofen); condition-specific therapy as indicated"
chalazion,"symptomatic management (acetaminophen, ibuprofen); condition-specific therapy as indicated"
chickenpox,"symptomatic management (acetaminophen, ibuprofen); condition-specific therapy as indicated"
chlamydia,"symptomatic management (acetaminophen, ibuprofen); condition-specific therapy as indicated"
cholecystitis,"nitrofurantoin, trimethoprim-sulfamethoxazole, fosfomycin"
choledocholithiasis,"symptomatic management (acetaminophen, ibuprofen); condition-specific therapy as indicated"
cholesteatoma,"symptomatic management (acetaminophen, ibuprofen); condition-specific therapy as indicated"
chondromalacia of the patella,"symptomatic management (acetaminophen, ibuprofen); condition-specific therapy as indicated"
chorioretinitis,"symptomatic management (acetaminophen, ibuprofen); condition-specific therapy as indicated"
chronic back pain,"symptomatic management (acetaminophen, ibuprofen); condition-specific therapy as indicated"
chronic constipation,"polyethylene glycol, senna"
chronic glaucoma,"symptomatic management (acetaminophen, ibuprofen); condition-specific therapy as indicated"
chronic inflammatory demyelinating polyneuropathy (cidp),"symptomatic management (acetaminophen, ibuprofen); condition-specific therapy as indicated"
chronic kidney disease,"symptomatic management (acetaminophen, ibuprofen); condition-specific therapy as indicated"
chronic knee pain,"symptomatic management (acetaminophen, ibuprofen); condition-specific therapy as indicated"
chronic obstructive pulmonary disease (copd),"LAMA (tiotropium), LABA (salmeterol), inhaled corticosteroid (selected)"
chronic otitis media,amoxicillin
chronic pain disorder,"symptomatic management (acetaminophen, ibuprofen); condition-specific therapy as indicated"
chronic pancreatitis,"IV fluids, analgesics (opioid sparingly)"
chronic rheumatic fever,"symptomatic management (acetaminophen, ibuprofen); condition-specific therapy as indicated"
chronic sinusitis,"amoxicillin-clavulanate (bacterial), intranasal steroids"
chronic ulcer,"symptomatic management (acetaminophen, ibuprofen); condition-specific therapy as indicated"
cirrhosis,"symptomatic management (acetaminophen, ibuprofen); condition-specific therapy as indicated"
coagulation (bleeding) disorder,"symptomatic management (acetaminophen, ibuprofen); condition-specific therapy as indicated"
cold sore,"symptomatic management (acetaminophen, ibuprofen); condition-specific therapy as indicated"
colonic polyp,"symptomatic management (acetaminophen, ibuprofen); condition-specific therapy as indicated"
colorectal cancer,"symptomatic management (acetaminophen, ibuprofen); condition-specific therapy as indicated"
common cold,"symptomatic management (acetaminophen, ibuprofen); condition-specific therapy as indicated"
complex regional pain syndrome,"symptomatic management (acetaminophen, ibuprofen); condition-specific therapy as indicated"
concussion,"symptomatic management (acetaminophen, ibuprofen); condition-specific therapy as indicated"
conduct disorder,"symptomatic management (acetaminophen, ibuprofen); condition-specific therapy as indicated"
conductive hearing loss,"symptomatic management (acetaminophen, ibuprofen); condition-specific therapy as indicated"
congenital heart defect,"symptomatic management (acetaminophen, ibuprofen); condition-specific therapy as indicated"
congenital malformation syndrome,"symptomatic management (acetaminophen, ibuprofen); condition-specific therapy as indicated"
conjunctivitis,"trimethoprim–polymyxin B drops (bacterial), artificial tears (viral)"
conjunctivitis due to allergy,"trimethoprim–polymyxin B drops (bacterial), artificial tears (viral)"
conjunctivitis due to bacteria,"trimethoprim–polymyxin B drops (bacterial), artificial tears (viral)"
conjunctivitis due to virus,"trimethoprim–polymyxin B drops (bacterial), artificial tears (viral)"
connective tissue disorder,"symptomatic management (acetaminophen, ibuprofen); condition-specific therapy as indicated"
contact dermatitis,"symptomatic management (acetaminophen, ibuprofen); condition-specific therapy as indicated"
conversion disorder,"symptomatic management (acetaminophen, ibuprofen); condition-specific therapy as indicated"
cornea infection,"symptomatic management (acetaminophen, ibuprofen); condition-specific therapy as indicated"
corneal abrasion,"symptomatic management (acetaminophen, ibuprofen); condition-specific therapy as indicated"
corneal disorder,"symptomatic management (acetaminophen, ibuprofen); condition-specific therapy as indicated"
coronary atherosclerosis,"symptomatic management (acetaminophen, ibuprofen); condition-specific therapy as indicated"
cranial nerve palsy,"symptomatic management (acetaminophen, ibuprofen); condition-specific therapy as indicated"
crohn disease,"budesonide, azathioprine, infliximab"
croup,"symptomatic management (acetaminophen, ibuprofen); condition-specific therapy as indicated"
crushing injury,"acetaminophen, NSAIDs, short-course opioids (severe)"
cryptococcosis,"symptomatic management (acetaminophen, ibuprofen); condition-specific therapy as indicated"
cryptorchidism,hormone therapy (testosterone as indicated)
cushing syndrome,"ketoconazole, mifepristone"
cyst of the eyelid,"symptomatic management (acetaminophen, ibuprofen); condition-specific therapy as indicated"
cystic fibrosis,"symptomatic management (acetaminophen, ibuprofen); condition-specific therapy as indicated"
cysticercosis,"symptomatic management (acetaminophen, ibuprofen); condition-specific therapy as indicated"
cystitis,"nitrofurantoin, trimethoprim-sulfamethoxazole, fosfomycin"
de quervain disease,"symptomatic management (acetaminophen, ibuprofen); condition-specific therapy as indicated"
decubitus ulcer,"symptomatic management (acetaminophen, ibuprofen); condition-specific therapy as indicated"
deep vein thrombosis (dvt),"apixaban, rivaroxaban, heparin-warfarin bridge"
degenerative disc disease,"symptomatic management (acetaminophen, ibuprofen); condition-specific therapy as indicated"
delirium,"symptomatic management (acetaminophen, ibuprofen); condition-specific therapy as indicated"
dementia,"donepezil, rivastigmine, memantine"
dengue fever,"symptomatic management (acetaminophen, ibuprofen); condition-specific therapy as indicated"
dental caries,"symptomatic management (acetaminophen, ibuprofen); condition-specific therapy as indicated"
depression,"sertraline, escitalopram, fluoxetine, bupropion"
dermatitis due to sun exposure,"symptomatic management (acetaminophen, ibuprofen); condition-specific therapy as indicated"
developmental disability,"symptomatic management (acetaminophen, ibuprofen); condition-specific therapy as indicated"
deviated nasal septum,"symptomatic management (acetaminophen, ibuprofen); condition-specific therapy as indicated"
diabetes,"symptomatic management (acetaminophen, ibuprofen); condition-specific therapy as indicated"
diabetes insipidus,"symptomatic management (acetaminophen, ibuprofen); condition-specific therapy as indicated"
diabetic ketoacidosis,"symptomatic management (acetaminophen, ibuprofen); condition-specific therapy as indicated"
diabetic kidney disease,"symptomatic management (acetaminophen, ibuprofen); condition-specific therapy as indicated"
diabetic peripheral neuropathy,"symptomatic management (acetaminophen, ibuprofen); condition-specific therapy as indicated"
diabetic retinopathy,"symptomatic management (acetaminophen, ibuprofen); condition-specific therapy as indicated"
diaper rash,"symptomatic management (acetaminophen, ibuprofen); condition-specific therapy as indicated"
dislocation of the ankle,"symptomatic management (acetaminophen, ibuprofen); condition-specific therapy as indicated"
dislocation of the elbow,"symptomatic management (acetaminophen, ibuprofen); condition-specific therapy as indicated"
dislocation of the finger,"symptomatic management (acetaminophen, ibuprofen); condition-specific therapy as indicated"
dislocation of the foot,"symptomatic management (acetaminophen, ibuprofen); condition-specific therapy as indicated"
dislocation of the hip,"symptomatic management (acetaminophen, ibuprofen); condition-specific therapy as indicated"
dislocation of the knee,"symptomatic management (acetaminophen, ibuprofen); condition-specific therapy as indicated"
dislocation of the patella,"symptomatic management (acetaminophen, ibuprofen); condition-specific therapy as indicated"
dislocation of the shoulder,"symptomatic management (acetaminophen, ibuprofen); condition-specific therapy as indicated"
dislocation of the vertebra,"symptomatic management (acetaminophen, ibuprofen); condition-specific therapy as indicated"
dislocation of the wrist,"symptomatic management (acetaminophen, ibuprofen); condition-specific therapy as indicated"
dissociative disorder,"symptomatic management (acetaminophen, ibuprofen); condition-specific therapy as indicated"
diverticulitis,"symptomatic management (acetaminophen, ibuprofen); condition-specific therapy as indicated"
diverticulosis,"symptomatic management (acetaminophen, ibuprofen); condition-specific therapy as indicated"
down syndrome,"symptomatic management (acetaminophen, ibuprofen); condition-specific therapy as indicated"
drug abuse,"symptomatic management (acetaminophen, ibuprofen); condition-specific therapy as indicated"
drug abuse (barbiturates),"symptomatic management (acetaminophen, ibuprofen); condition-specific therapy as indicated"
drug abuse (cocaine),"symptomatic management (acetaminophen, ibuprofen); condition-specific therapy as indicated"
drug abuse (methamphetamine),"aspirin, P2Y12 inhibitor (clopidogrel), heparin, beta blocker, high-intensity statin"
drug abuse (opioids),naloxone
drug poisoning due to medication,"symptomatic management (acetaminophen, ibuprofen); condition-specific therapy as indicated"
drug reaction,"symptomatic management (acetaminophen, ibuprofen); condition-specific therapy as indicated"
drug withdrawal,"symptomatic management (acetaminophen, ibuprofen); condition-specific therapy as indicated"
dry eye of unknown cause,"symptomatic management (acetaminophen, ibuprofen); condition-specific therapy as indicated"
dumping syndrome,"symptomatic management (acetaminophen, ibuprofen); condition-specific therapy as indicated"
dyshidrosis,"symptomatic management (acetaminophen, ibuprofen); condition-specific therapy as indicated"
dysthymic disorder,"aspirin, P2Y12 inhibitor (clopidogrel), heparin, beta blocker, high-intensity statin"
ear drum damage,"symptomatic management (acetaminophen, ibuprofen); condition-specific therapy as indicated"
ear wax impaction,"symptomatic management (acetaminophen, ibuprofen); condition-specific therapy as indicated"
eating disorder,"fluoxetine (for bulimia), nutritional support"
ectopic pregnancy,"symptomatic management (acetaminophen, ibuprofen); condition-specific therapy as indicated"
ectropion,"symptomatic management (acetaminophen, ibuprofen); condition-specific therapy as indicated"
eczema,"emollients, topical corticosteroids, tacrolimus (topical)"
edward syndrome,"symptomatic management (acetaminophen, ibuprofen); condition-specific therapy as indicated"
emphysema,"symptomatic management (acetaminophen, ibuprofen); condition-specific therapy as indicated"
empyema,"symptomatic management (acetaminophen, ibuprofen); condition-specific therapy as indicated"
encephalitis,"symptomatic management (acetaminophen, ibuprofen); condition-specific therapy as indicated"
endocarditis,"symptomatic management (acetaminophen, ibuprofen); condition-specific therapy as indicated"
endometrial cancer,"symptomatic management (acetaminophen, ibuprofen); condition-specific therapy as indicated"
endometrial hyperplasia,"symptomatic management (acetaminophen, ibuprofen); condition-specific therapy as indicated"
endometriosis,"combined oral contraceptives, NSAIDs, leuprolide"
endophthalmitis,"aspirin, P2Y12 inhibitor (clopidogrel), heparin, beta blocker, high-intensity statin"
envenomation from spider or animal bite,"symptomatic management (acetaminophen, ibuprofen); condition-specific therapy as indicated"
ependymoma,"symptomatic management (acetaminophen, ibuprofen); condition-specific therapy as indicated"
epididymitis,"aspirin, P2Y12 inhibitor (clopidogrel), heparin, beta blocker, high-intensity statin"
epidural hemorrhage,"symptomatic management (acetaminophen, ibuprofen); condition-specific therapy as indicated"
epilepsy,"levetiracetam, lamotrigine, valproate"
erectile dysfunction,"sildenafil, tadalafil"
erythema multiforme,"symptomatic management (acetaminophen, ibuprofen); condition-specific therapy as indicated"
esophageal cancer,"symptomatic management (acetaminophen, ibuprofen); condition-specific therapy as indicated"
esophageal varices,"symptomatic management (acetaminophen, ibuprofen); condition-specific therapy as indicated"
esophagitis,"symptomatic management (acetaminophen, ibuprofen); condition-specific therapy as indicated"
essential tremor,"symptomatic management (acetaminophen, ibuprofen); condition-specific therapy as indicated"
eustachian tube dysfunction (ear disorder),"symptomatic management (acetaminophen, ibuprofen); condition-specific therapy as indicated"
extrapyramidal effect of drugs,"aspirin, P2Y12 inhibitor (clopidogrel), heparin, beta blocker, high-intensity statin"
eye alignment disorder,"symptomatic management (acetaminophen, ibuprofen); condition-specific therapy as indicated"
factitious disorder,"symptomatic management (acetaminophen, ibuprofen); condition-specific therapy as indicated"
female genitalia infection,"symptomatic management (acetaminophen, ibuprofen); condition-specific therapy as indicated"
female infertility of unknown cause,"symptomatic management (acetaminophen, ibuprofen); condition-specific therapy as indicated"
fetal alcohol syndrome,"symptomatic management (acetaminophen, ibuprofen); condition-specific therapy as indicated"
fibroadenoma,"symptomatic management (acetaminophen, ibuprofen); condition-specific therapy as indicated"
fibrocystic breast disease,"symptomatic management (acetaminophen, ibuprofen); condition-specific therapy as indicated"
fibromyalgia,"duloxetine, pregabalin, amitriptyline"
flat feet,"symptomatic management (acetaminophen, ibuprofen); condition-specific therapy as indicated"
floaters,"symptomatic management (acetaminophen, ibuprofen); condition-specific therapy as indicated"
flu,"symptomatic management (acetaminophen, ibuprofen); condition-specific therapy as indicated"
fluid overload,"symptomatic management (acetaminophen, ibuprofen); condition-specific therapy as indicated"
folate deficiency,folic acid
food allergy,"symptomatic management (acetaminophen, ibuprofen); condition-specific therapy as indicated"
foreign body in the ear,"symptomatic management (acetaminophen, ibuprofen); condition-specific therapy as indicated"
foreign body in the eye,"symptomatic management (acetaminophen, ibuprofen); condition-specific therapy as indicated"
foreign body in the gastrointestinal tract,"symptomatic management (acetaminophen, ibuprofen); condition-specific therapy as indicated"
foreign body in the nose,"symptomatic management (acetaminophen, ibuprofen); condition-specific therapy as indicated"
foreign body in the throat,"symptomatic management (acetaminophen, ibuprofen); condition-specific therapy as indicated"
foreign body in the vagina,"symptomatic management (acetaminophen, ibuprofen); condition-specific therapy as indicated"
fracture of the ankle,"acetaminophen, NSAIDs, short-course opioids (severe)"
fracture of the arm,"acetaminophen, NSAIDs, short-course opioids (severe)"
fracture of the facial bones,"acetaminophen, NSAIDs, short-course opioids (severe)"
fracture of the finger,"acetaminophen, NSAIDs, short-course opioids (severe)"
fracture of the foot,"acetaminophen, NSAIDs, short-course opioids (severe)"
fracture of the hand,"acetaminophen, NSAIDs, short-course opioids (severe)"
fracture of the jaw,"acetaminophen, NSAIDs, short-course opioids (severe)"
fracture of the leg,"acetaminophen, NSAIDs, short-course opioids (severe)"
fracture of the neck,"acetaminophen, NSAIDs, short-course opioids (severe)"
fracture of the patella,"acetaminophen, NSAIDs, short-course opioids (severe)"
fracture of the pelvis,"acetaminophen, NSAIDs, short-course opioids (severe)"
fracture of the rib,"acetaminophen, NSAIDs, short-course opioids (severe)"
fracture of the shoulder,"acetaminophen, NSAIDs, short-course opioids (severe)"
fracture of the skull,"acetaminophen, NSAIDs, short-course opioids (severe)"
fracture of the vertebra,"acetaminophen, NSAIDs, short-course opioids (severe)"
friedrich ataxia,"symptomatic management (acetaminophen, ibuprofen); condition-specific therapy as indicated"
frostbite,"isoniazid, rifampin, ethambutol, pyrazinamide"
fungal infection of the hair,"symptomatic management (acetaminophen, ibuprofen); condition-specific therapy as indicated"
fungal infection of the skin,"symptomatic management (acetaminophen, ibuprofen); condition-specific therapy as indicated"
g6pd enzyme deficiency,"symptomatic management (acetaminophen, ibuprofen); condition-specific therapy as indicated"
galactorrhea of unknown cause,"symptomatic management (acetaminophen, ibuprofen); condition-specific therapy as indicated"
gallstone,"NSAIDs, antispasmodics"
ganglion cyst,"symptomatic management (acetaminophen, ibuprofen); condition-specific therapy as indicated"
gas gangrene,"symptomatic management (acetaminophen, ibuprofen); condition-specific therapy as indicated"
gastritis,"symptomatic management (acetaminophen, ibuprofen); condition-specific therapy as indicated"
gastroduodenal ulcer,"symptomatic management (acetaminophen, ibuprofen); condition-specific therapy as indicated"
gastroesophageal reflux disease (gerd),"omeprazole, pantoprazole"
gastrointestinal hemorrhage,"symptomatic management (acetaminophen, ibuprofen); condition-specific therapy as indicated"
gastroparesis,"symptomatic management (acetaminophen, ibuprofen); condition-specific therapy as indicated"
genital herpes,"symptomatic management (acetaminophen, ibuprofen); condition-specific therapy as indicated"
gestational diabetes,"insulin, metformin"
glaucoma,"symptomatic management (acetaminophen, ibuprofen); condition-specific therapy as indicated"
glucocorticoid deficiency,"symptomatic management (acetaminophen, ibuprofen); condition-specific therapy as indicated"
goiter,"symptomatic management (acetaminophen, ibuprofen); condition-specific therapy as indicated"
gonorrhea,"symptomatic management (acetaminophen, ibuprofen); condition-specific therapy as indicated"
gout,"NSAIDs, colchicine, allopurinol"
granuloma inguinale,"symptomatic management (acetaminophen, ibuprofen); condition-specific therapy as indicated"
graves disease,"methimazole, propylthiouracil, propranolol"
guillain barre syndrome,"symptomatic management (acetaminophen, ibuprofen); condition-specific therapy as indicated"
gum disease,"symptomatic management (acetaminophen, ibuprofen); condition-specific therapy as indicated"
gynecomastia,"symptomatic management (acetaminophen, ibuprofen); condition-specific therapy as indicated"
hammer toe,"symptomatic management (acetaminophen, ibuprofen); condition-specific therapy as indicated"
hashimoto thyroiditis,"symptomatic management (acetaminophen, ibuprofen); condition-specific therapy as indicated"
head and neck cancer,"symptomatic management (acetaminophen, ibuprofen); condition-specific therapy as indicated"
head injury,"acetaminophen, NSAIDs, short-course opioids (severe)"
headache after lumbar puncture,"symptomatic management (acetaminophen, ibuprofen); condition-specific therapy as indicated"
heart attack,"symptomatic management (acetaminophen, ibuprofen); condition-specific therapy as indicated"
heart block,"symptomatic management (acetaminophen, ibuprofen); condition-specific therapy as indicated"
heart contusion,"symptomatic management (acetaminophen, ibuprofen); condition-specific therapy as indicated"
heart failure,"ACE inhibitor (lisinopril), beta blocker (carvedilol), diuretic (furosemide), SGLT2 inhibitor (dapagliflozin)"
heat exhaustion,"symptomatic management (acetaminophen, ibuprofen); condition-specific therapy as indicated"
heat stroke,"symptomatic management (acetaminophen, ibuprofen); condition-specific therapy as indicated"
hemangioma,"symptomatic management (acetaminophen, ibuprofen); condition-specific therapy as indicated"
hemarthrosis,"symptomatic management (acetaminophen, ibuprofen); condition-specific therapy as indicated"
hematoma,"symptomatic management (acetaminophen, ibuprofen); condition-specific therapy as indicated"
hemiplegia,"aspirin, P2Y12 inhibitor (clopidogrel), heparin, beta blocker, high-intensity statin"
hemochromatosis,"symptomatic management (acetaminophen, ibuprofen); condition-specific therapy as indicated"
hemolytic anemia,"aspirin, P2Y12 inhibitor (clopidogrel), heparin, beta blocker, high-intensity statin"
hemophilia,"symptomatic management (acetaminophen, ibuprofen); condition-specific therapy as indicated"
hemorrhoids,"symptomatic management (acetaminophen, ibuprofen); condition-specific therapy as indicated"
hepatic encephalopathy,"lactulose, rifaximin"
hepatitis due to a toxin,"symptomatic management (acetaminophen, ibuprofen); condition-specific therapy as indicated"
herniated disk,"symptomatic management (acetaminophen, ibuprofen); condition-specific therapy as indicated"
herpangina,"symptomatic management (acetaminophen, ibuprofen); condition-specific therapy as indicated"
hiatal hernia,"symptomatic management (acetaminophen, ibuprofen); condition-specific therapy as indicated"
hidradenitis suppurativa,"symptomatic management (acetaminophen, ibuprofen); condition-specific therapy as indicated"
high blood pressure,"ACE inhibitor (lisinopril), thiazide diuretic (chlorthalidone), calcium channel blocker (amlodipine)"
hirschsprung disease,"symptomatic management (acetaminophen, ibuprofen); condition-specific therapy as indicated"
hirsutism,"symptomatic management (acetaminophen, ibuprofen); condition-specific therapy as indicated"
histoplasmosis,"symptomatic management (acetaminophen, ibuprofen); condition-specific therapy as indicated"
hormone disorder,"symptomatic management (acetaminophen, ibuprofen); condition-specific therapy as indicated"
hpv,"symptomatic management (acetaminophen, ibuprofen); condition-specific therapy as indicated"
human immunodeficiency virus infection (hiv),integrase inhibitor–based ART (bictegravir/emtricitabine/tenofovir alafenamide)
huntington disease,"symptomatic management (acetaminophen, ibuprofen); condition-specific therapy as indicated"
hydatidiform mole,"symptomatic management (acetaminophen, ibuprofen); condition-specific therapy as indicated"
hydrocele of the testicle,"symptomatic management (acetaminophen, ibuprofen); condition-specific therapy as indicated"
hydrocephalus,"symptomatic management (acetaminophen, ibuprofen); condition-specific therapy as indicated"
hydronephrosis,"symptomatic management (acetaminophen, ibuprofen); condition-specific therapy as indicated"
hypercalcemia,"aspirin, P2Y12 inhibitor (clopidogrel), heparin, beta blocker, high-intensity statin"
hypercholesterolemia,"aspirin, P2Y12 inhibitor (clopidogrel), heparin, beta blocker, high-intensity statin"
hyperemesis gravidarum,"ondansetron, metoclopramide"
hypergammaglobulinemia,"aspirin, P2Y12 inhibitor (clopidogrel), heparin, beta blocker, high-intensity statin"
hyperhidrosis,"symptomatic management (acetaminophen, ibuprofen); condition-specific therapy as indicated"
hyperkalemia,"aspirin, P2Y12 inhibitor (clopidogrel), heparin, beta blocker, high-intensity statin"
hyperlipidemia,"atorvastatin, rosuvastatin"
hypernatremia,"aspirin, P2Y12 inhibitor (clopidogrel), heparin, beta blocker, high-intensity statin"
hyperopia,"symptomatic management (acetaminophen, ibuprofen); condition-specific therapy as indicated"
hyperosmotic hyperketotic state,"symptomatic management (acetaminophen, ibuprofen); condition-specific therapy as indicated"
hypertension of pregnancy,"ACE inhibitor (lisinopril), thiazide diuretic (chlorthalidone), calcium channel blocker (amlodipine)"
hypertensive heart disease,"symptomatic management (acetaminophen, ibuprofen); condition-specific therapy as indicated"
hypertrophic obstructive cardiomyopathy (hocm),"symptomatic management (acetaminophen, ibuprofen); condition-specific therapy as indicated"
hypocalcemia,"aspirin, P2Y12 inhibitor (clopidogrel), heparin, beta blocker, high-intensity statin"
hypoglycemia,"aspirin, P2Y12 inhibitor (clopidogrel), heparin, beta blocker, high-intensity statin"
hypokalemia,"aspirin, P2Y12 inhibitor (clopidogrel), heparin, beta blocker, high-intensity statin"
hyponatremia,"aspirin, P2Y12 inhibitor (clopidogrel), heparin, beta blocker, high-intensity statin"
hypothermia,"aspirin, P2Y12 inhibitor (clopidogrel), heparin, beta blocker, high-intensity statin"
hypothyroidism,levothyroxine
hypovolemia,"aspirin, P2Y12 inhibitor (clopidogrel), heparin, beta blocker, high-intensity statin"
idiopathic absence of menstruation,"symptomatic management (acetaminophen, ibuprofen); condition-specific therapy as indicated"
idiopathic excessive menstruation,"symptomatic management (acetaminophen, ibuprofen); condition-specific therapy as indicated"
idiopathic infrequent menstruation,"symptomatic management (acetaminophen, ibuprofen); condition-specific therapy as indicated"
idiopathic irregular menstrual cycle,"symptomatic management (acetaminophen, ibuprofen); condition-specific therapy as indicated"
idiopathic nonmenstrual bleeding,"symptomatic management (acetaminophen, ibuprofen); condition-specific therapy as indicated"
idiopathic painful menstruation,"symptomatic management (acetaminophen, ibuprofen); condition-specific therapy as indicated"
ileus,"symptomatic management (acetaminophen, ibuprofen); condition-specific therapy as indicated"
impetigo,"topical mupirocin, cephalexin"
impulse control disorder,"symptomatic management (acetaminophen, ibuprofen); condition-specific therapy as indicated"
indigestion,"symptomatic management (acetaminophen, ibuprofen); condition-specific therapy as indicated"
induced abortion,"symptomatic management (acetaminophen, ibuprofen); condition-specific therapy as indicated"
infection of open wound,"symptomatic management (acetaminophen, ibuprofen); condition-specific therapy as indicated"
infectious gastroenteritis,"symptomatic management (acetaminophen, ibuprofen); condition-specific therapy as indicated"
ingrown toe nail,"symptomatic management (acetaminophen, ibuprofen); condition-specific therapy as indicated"
inguinal hernia,"symptomatic management (acetaminophen, ibuprofen); condition-specific therapy as indicated"
injury of the ankle,"acetaminophen, NSAIDs, short-course opioids (severe)"
injury to internal organ,"acetaminophen, NSAIDs, short-course opioids (severe)"
injury to the abdomen,"acetaminophen, NSAIDs, short-course opioids (severe)"
injury to the arm,"acetaminophen, NSAIDs, short-course opioids (severe)"
injury to the face,"acetaminophen, NSAIDs, short-course opioids (severe)"
injury to the finger,"acetaminophen, NSAIDs, short-course opioids (severe)"
injury to the hand,"acetaminophen, NSAIDs, short-course opioids (severe)"
injury to the hip,"acetaminophen, NSAIDs, short-course opioids (severe)"
injury to the knee,"acetaminophen, NSAIDs, short-course opioids (severe)"
injury to the leg,"acetaminophen, NSAIDs, short-course opioids (severe)"
injury to the shoulder,"acetaminophen, NSAIDs, short-course opioids (severe)"
injury to the spinal cord,"acetaminophen, NSAIDs, short-course opioids (severe)"
injury to the trunk,"acetaminophen, NSAIDs, short-course opioids (severe)"
insect bite,"symptomatic management (acetaminophen, ibuprofen); condition-specific therapy as indicated"
insulin overdose,"symptomatic management (acetaminophen, ibuprofen); condition-specific therapy as indicated"
interstitial lung disease,"symptomatic management (acetaminophen, ibuprofen); condition-specific therapy as indicated"
intertrigo (skin condition),"symptomatic management (acetaminophen, ibuprofen); condition-specific therapy as indicated"
intestinal cancer,"symptomatic management (acetaminophen, ibuprofen); condition-specific therapy as indicated"
intestinal disease,"symptomatic management (acetaminophen, ibuprofen); condition-specific therapy as indicated"
intestinal malabsorption,"symptomatic management (acetaminophen, ibuprofen); condition-specific therapy as indicated"
intestinal obstruction,"symptomatic management (acetaminophen, ibuprofen); condition-specific therapy as indicated"
intracerebral hemorrhage,"symptomatic management (acetaminophen, ibuprofen); condition-specific therapy as indicated"
intracranial abscess,"symptomatic management (acetaminophen, ibuprofen); condition-specific therapy as indicated"
intracranial hemorrhage,"symptomatic management (acetaminophen, ibuprofen); condition-specific therapy as indicated"
intussusception,"symptomatic management (acetaminophen, ibuprofen); condition-specific therapy as indicated"
iridocyclitis,"symptomatic management (acetaminophen, ibuprofen); condition-specific therapy as indicated"
iron deficiency anemia,"aspirin, P2Y12 inhibitor (clopidogrel), heparin, beta blocker, high-intensity statin"
irritable bowel syndrome,"dicyclomine, polyethylene glycol, rifaximin (IBS-D)"
ischemia of the bowel,"aspirin, P2Y12 inhibitor (clopidogrel), heparin, beta blocker, high-intensity statin"
ischemic heart disease,"aspirin, P2Y12 inhibitor (clopidogrel), heparin, beta blocker, high-intensity statin"
itching of unknown cause,"symptomatic management (acetaminophen, ibuprofen); condition-specific therapy as indicated"
jaw disorder,"symptomatic management (acetaminophen, ibuprofen); condition-specific therapy as indicated"
joint effusion,"symptomatic management (acetaminophen, ibuprofen); condition-specific therapy as indicated"
juvenile rheumatoid arthritis,"methotrexate, hydroxychloroquine, adalimumab"
kaposi sarcoma,"disease-specific chemotherapy/immunotherapy per protocol (e.g., imatinib for CML)"
kidney cancer,"symptomatic management (acetaminophen, ibuprofen); condition-specific therapy as indicated"
kidney disease due to longstanding hypertension,"ACE inhibitor (lisinopril), thiazide diuretic (chlorthalidone), calcium channel blocker (amlodipine)"
kidney failure,"symptomatic management (acetaminophen, ibuprofen); condition-specific therapy as indicated"
kidney stone,"symptomatic management (acetaminophen, ibuprofen); condition-specific therapy as indicated"
knee ligament or meniscus tear,"symptomatic management (acetaminophen, ibuprofen); condition-specific therapy as indicated"
labyrinthitis,"symptomatic management (acetaminophen, ibuprofen); condition-specific therapy as indicated"
lactose intolerance,"symptomatic management (acetaminophen, ibuprofen); condition-specific therapy as indicated"
laryngitis,"symptomatic management (acetaminophen, ibuprofen); condition-specific therapy as indicated"
lateral epicondylitis (tennis elbow),"symptomatic management (acetaminophen, ibuprofen); condition-specific therapy as indicated"
leukemia,"aspirin, P2Y12 inhibitor (clopidogrel), heparin, beta blocker, high-intensity statin"
lewy body dementia,"donepezil, rivastigmine, memantine"
lice,permethrin 1% lotion
lichen planus,"symptomatic management (acetaminophen, ibuprofen); condition-specific therapy as indicated"
lichen simplex,"symptomatic management (acetaminophen, ibuprofen); condition-specific therapy as indicated"
lipoma,"symptomatic management (acetaminophen, ibuprofen); condition-specific therapy as indicated"
liver cancer,"symptomatic management (acetaminophen, ibuprofen); condition-specific therapy as indicated"
liver disease,"symptomatic management (acetaminophen, ibuprofen); condition-specific therapy as indicated"
lumbago,"symptomatic management (acetaminophen, ibuprofen); condition-specific therapy as indicated"
lung cancer,"symptomatic management (acetaminophen, ibuprofen); condition-specific therapy as indicated"
lung contusion,"symptomatic management (acetaminophen, ibuprofen); condition-specific therapy as indicated"
lyme disease,"symptomatic management (acetaminophen, ibuprofen); condition-specific therapy as indicated"
lymphadenitis,"symptomatic management (acetaminophen, ibuprofen); condition-specific therapy as indicated"
lymphangitis,"symptomatic management (acetaminophen, ibuprofen); condition-specific therapy as indicated"
lymphedema,"symptomatic management (acetaminophen, ibuprofen); condition-specific therapy as indicated"
lymphogranuloma venereum,"symptomatic management (acetaminophen, ibuprofen); condition-specific therapy as indicated"
lymphoma,"disease-specific chemotherapy/immunotherapy per protocol (e.g., imatinib for CML)"
macular degeneration,"symptomatic management (acetaminophen, ibuprofen); condition-specific therapy as indicated"
magnesium deficiency,"symptomatic management (acetaminophen, ibuprofen); condition-specific therapy as indicated"
malaria,"symptomatic management (acetaminophen, ibuprofen); condition-specific therapy as indicated"
male genitalia infection,"symptomatic management (acetaminophen, ibuprofen); condition-specific therapy as indicated"
malignant hypertension,"ACE inhibitor (lisinopril), thiazide diuretic (chlorthalidone), calcium channel blocker (amlodipine)"
marijuana abuse,"symptomatic management (acetaminophen, ibuprofen); condition-specific therapy as indicated"
mastectomy,"symptomatic management (acetaminophen, ibuprofen); condition-specific therapy as indicated"
mastoiditis,"symptomatic management (acetaminophen, ibuprofen); condition-specific therapy as indicated"
meckel diverticulum,"symptomatic management (acetaminophen, ibuprofen); condition-specific therapy as indicated"
melanoma,"disease-specific chemotherapy/immunotherapy per protocol (e.g., imatinib for CML)"
meniere disease,"symptomatic management (acetaminophen, ibuprofen); condition-specific therapy as indicated"
meningioma,"symptomatic management (acetaminophen, ibuprofen); condition-specific therapy as indicated"
meningitis,"symptomatic management (acetaminophen, ibuprofen); condition-specific therapy as indicated"
menopause,"topical vaginal estrogen, lubricants"
metabolic disorder,"symptomatic management (acetaminophen, ibuprofen); condition-specific therapy as indicated"
metastatic cancer,"symptomatic management (acetaminophen, ibuprofen); condition-specific therapy as indicated"
migraine,"sumatriptan, naproxen, propranolol (prevention), topiramate (prevention)"
missed abortion,"aspirin, P2Y12 inhibitor (clopidogrel), heparin, beta blocker, high-intensity statin"
mitral valve disease,"aspirin, P2Y12 inhibitor (clopidogrel), heparin, beta blocker, high-intensity statin"
mittelschmerz,"aspirin, P2Y12 inhibitor (clopidogrel), heparin, beta blocker, high-intensity statin"
molluscum contagiosum,"symptomatic management (acetaminophen, ibuprofen); condition-specific therapy as indicated"
mononeuritis,"symptomatic management (acetaminophen, ibuprofen); condition-specific therapy as indicated"
mononucleosis,"symptomatic management (acetaminophen, ibuprofen); condition-specific therapy as indicated"
moyamoya disease,"symptomatic management (acetaminophen, ibuprofen); condition-specific therapy as indicated"
mucositis,"symptomatic management (acetaminophen, ibuprofen); condition-specific therapy as indicated"
multiple myeloma,"symptomatic management (acetaminophen, ibuprofen); condition-specific therapy as indicated"
multiple sclerosis,"ocrelizumab, interferon beta, glatiramer acetate"
mumps,"symptomatic management (acetaminophen, ibuprofen); condition-specific therapy as indicated"
muscle spasm,"symptomatic management (acetaminophen, ibuprofen); condition-specific therapy as indicated"
muscular dystrophy,"symptomatic management (acetaminophen, ibuprofen); condition-specific therapy as indicated"
myasthenia gravis,"symptomatic management (acetaminophen, ibuprofen); condition-specific therapy as indicated"
myelodysplastic syndrome,"symptomatic management (acetaminophen, ibuprofen); condition-specific therapy as indicated"
myocarditis,"symptomatic management (acetaminophen, ibuprofen); condition-specific therapy as indicated"
myoclonus,"symptomatic management (acetaminophen, ibuprofen); condition-specific therapy as indicated"
myopia,"symptomatic management (acetaminophen, ibuprofen); condition-specific therapy as indicated"
myositis,"symptomatic management (acetaminophen, ibuprofen); condition-specific therapy as indicated"
narcolepsy,"symptomatic management (acetaminophen, ibuprofen); condition-specific therapy as indicated"
nasal polyp,"symptomatic management (acetaminophen, ibuprofen); condition-specific therapy as indicated"
necrotizing fasciitis,"symptomatic management (acetaminophen, ibuprofen); condition-specific therapy as indicated"
neonatal jaundice,"symptomatic management (acetaminophen, ibuprofen); condition-specific therapy as indicated"
nerve impingement near the shoulder,"symptomatic management (acetaminophen, ibuprofen); condition-specific therapy as indicated"
neuralgia,"symptomatic management (acetaminophen, ibuprofen); condition-specific therapy as indicated"
neurofibromatosis,"symptomatic management (acetaminophen, ibuprofen); condition-specific therapy as indicated"
neuropathy due to drugs,"symptomatic management (acetaminophen, ibuprofen); condition-specific therapy as indicated"
neurosis,"symptomatic management (acetaminophen, ibuprofen); condition-specific therapy as indicated"
nonalcoholic liver disease (nash),"symptomatic management (acetaminophen, ibuprofen); condition-specific therapy as indicated"
noninfectious gastroenteritis,"symptomatic management (acetaminophen, ibuprofen); condition-specific therapy as indicated"
normal pressure hydrocephalus,"symptomatic management (acetaminophen, ibuprofen); condition-specific therapy as indicated"
nose disorder,"symptomatic management (acetaminophen, ibuprofen); condition-specific therapy as indicated"
obesity,"symptomatic management (acetaminophen, ibuprofen); condition-specific therapy as indicated"
obsessive compulsive disorder (ocd),"fluoxetine, fluvoxamine, sertraline, clomipramine"
obstructive sleep apnea (osa),"symptomatic management (acetaminophen, ibuprofen); condition-specific therapy as indicated"
omphalitis,"symptomatic management (acetaminophen, ibuprofen); condition-specific therapy as indicated"
onychomycosis,"symptomatic management (acetaminophen, ibuprofen); condition-specific therapy as indicated"
open wound due to trauma,"symptomatic management (acetaminophen, ibuprofen); condition-specific therapy as indicated"
open wound from surgical incision,"symptomatic management (acetaminophen, ibuprofen); condition-specific therapy as indicated"
open wound of the abdomen,"symptomatic management (acetaminophen, ibuprofen); condition-specific therapy as indicated"
open wound of the arm,"symptomatic management (acetaminophen, ibuprofen); condition-specific therapy as indicated"
open wound of the back,"symptomatic management (acetaminophen, ibuprofen); condition-specific therapy as indicated"
open wound of the cheek,"symptomatic management (acetaminophen, ibuprofen); condition-specific therapy as indicated"
open wound of the chest,"symptomatic management (acetaminophen, ibuprofen); condition-specific therapy as indicated"
open wound of the ear,"symptomatic management (acetaminophen, ibuprofen); condition-specific therapy as indicated"
open wound of the eye,"symptomatic management (acetaminophen, ibuprofen); condition-specific therapy as indicated"
open wound of the face,"symptomatic management (acetaminophen, ibuprofen); condition-specific therapy as indicated"
open wound of the finger,"symptomatic management (acetaminophen, ibuprofen); condition-specific therapy as indicated"
open wound of the foot,"symptomatic management (acetaminophen, ibuprofen); condition-specific therapy as indicated"
open wound of the hand,"symptomatic management (acetaminophen, ibuprofen); condition-specific therapy as indicated"
open wound of the head,"symptomatic management (acetaminophen, ibuprofen); condition-specific therapy as indicated"
open wound of the jaw,"symptomatic management (acetaminophen, ibuprofen); condition-specific therapy as indicated"
open wound of the knee,"symptomatic management (acetaminophen, ibuprofen); condition-specific therapy as indicated"
open wound of the lip,"symptomatic management (acetaminophen, ibuprofen); condition-specific therapy as indicated"
open wound of the mouth,"symptomatic management (acetaminophen, ibuprofen); condition-specific therapy as indicated"
open wound of the neck,"symptomatic management (acetaminophen, ibuprofen); condition-specific therapy as indicated"
open wound of the nose,"symptomatic management (acetaminophen, ibuprofen); condition-specific therapy as indicated"
open wound of the shoulder,"symptomatic management (acetaminophen, ibuprofen); condition-specific therapy as indicated"
oppositional disorder,"symptomatic management (acetaminophen, ibuprofen); condition-specific therapy as indicated"
optic neuritis,"symptomatic management (acetaminophen, ibuprofen); condition-specific therapy as indicated"
oral leukoplakia,"symptomatic management (acetaminophen, ibuprofen); condition-specific therapy as indicated"
oral mucosal lesion,"symptomatic management (acetaminophen, ibuprofen); condition-specific therapy as indicated"
oral thrush (yeast infection),"symptomatic management (acetaminophen, ibuprofen); condition-specific therapy as indicated"
orbital cellulitis,"cephalexin, clindamycin (if MRSA risk)"
orthostatic hypotension,"symptomatic management (acetaminophen, ibuprofen); condition-specific therapy as indicated"
osteoarthritis,"acetaminophen, NSAIDs, topical diclofenac"
osteochondroma,"symptomatic management (acetaminophen, ibuprofen); condition-specific therapy as indicated"
osteochondrosis,"bisphosphonates (alendronate), calcitonin"
osteomyelitis,"symptomatic management (acetaminophen, ibuprofen); condition-specific therapy as indicated"
osteoporosis,"alendronate, risedronate, calcium, vitamin D"
otitis externa (swimmer's ear),ciprofloxacin-dexamethasone ear drops
otitis media,amoxicillin
otosclerosis,"symptomatic management (acetaminophen, ibuprofen); condition-specific therapy as indicated"
ovarian cancer,"symptomatic management (acetaminophen, ibuprofen); condition-specific therapy as indicated"
ovarian cyst,"symptomatic management (acetaminophen, ibuprofen); condition-specific therapy as indicated"
ovarian torsion,"symptomatic management (acetaminophen, ibuprofen); condition-specific therapy as indicated"
overflow incontinence,"symptomatic management (acetaminophen, ibuprofen); condition-specific therapy as indicated"
pain after an operation,"symptomatic management (acetaminophen, ibuprofen); condition-specific therapy as indicated"
pain disorder affecting the neck,"symptomatic management (acetaminophen, ibuprofen); condition-specific therapy as indicated"
pancreatic cancer,"symptomatic management (acetaminophen, ibuprofen); condition-specific therapy as indicated"
panic attack,"sertraline, paroxetine, clonazepam (short-term)"
panic disorder,"sertraline, paroxetine, clonazepam (short-term)"
parasitic disease,"symptomatic management (acetaminophen, ibuprofen); condition-specific therapy as indicated"
parathyroid adenoma,"symptomatic management (acetaminophen, ibuprofen); condition-specific therapy as indicated"
parkinson disease,"carbidopa-levodopa, pramipexole, ropinirole"
paronychia,"symptomatic management (acetaminophen, ibuprofen); condition-specific therapy as indicated"
paroxysmal supraventricular tachycardia,"symptomatic management (acetaminophen, ibuprofen); condition-specific therapy as indicated"
paroxysmal ventricular tachycardia,"symptomatic management (acetaminophen, ibuprofen); condition-specific therapy as indicated"
pelvic fistula,"symptomatic management (acetaminophen, ibuprofen); condition-specific therapy as indicated"
pelvic inflammatory disease,ceftriaxone + doxycycline + metronidazole
pelvic organ prolapse,"symptomatic management (acetaminophen, ibuprofen); condition-specific therapy as indicated"
pemphigus,"symptomatic management (acetaminophen, ibuprofen); condition-specific therapy as indicated"
pericarditis,"symptomatic management (acetaminophen, ibuprofen); condition-specific therapy as indicated"
peripheral arterial disease,"symptomatic management (acetaminophen, ibuprofen); condition-specific therapy as indicated"
peripheral arterial embolism,"symptomatic management (acetaminophen, ibuprofen); condition-specific therapy as indicated"
peripheral nerve disorder,"symptomatic management (acetaminophen, ibuprofen); condition-specific therapy as indicated"
perirectal infection,"symptomatic management (acetaminophen, ibuprofen); condition-specific therapy as indicated"
peritonitis,"symptomatic management (acetaminophen, ibuprofen); condition-specific therapy as indicated"
peritonsillar abscess,"symptomatic management (acetaminophen, ibuprofen); condition-specific therapy as indicated"
persistent vomiting of unknown cause,"aspirin, P2Y12 inhibitor (clopidogrel), heparin, beta blocker, high-intensity statin"
personality disorder,"symptomatic management (acetaminophen, ibuprofen); condition-specific therapy as indicated"
peyronie disease,"symptomatic management (acetaminophen, ibuprofen); condition-specific therapy as indicated"
pharyngitis,"symptomatic management (acetaminophen, ibuprofen); condition-specific therapy as indicated"
phimosis,"symptomatic management (acetaminophen, ibuprofen); condition-specific therapy as indicated"
pilonidal cyst,"symptomatic management (acetaminophen, ibuprofen); condition-specific therapy as indicated"
pinguecula,"symptomatic management (acetaminophen, ibuprofen); condition-specific therapy as indicated"
pinworm infection,"symptomatic management (acetaminophen, ibuprofen); condition-specific therapy as indicated"
pituitary adenoma,"symptomatic management (acetaminophen, ibuprofen); condition-specific therapy as indicated"
pituitary disorder,"symptomatic management (acetaminophen, ibuprofen); condition-specific therapy as indicated"
pityriasis rosea,"symptomatic management (acetaminophen, ibuprofen); condition-specific therapy as indicated"
placenta previa,"symptomatic management (acetaminophen, ibuprofen); condition-specific therapy as indicated"
placental abruption,"symptomatic management (acetaminophen, ibuprofen); condition-specific therapy as indicated"
plantar fasciitis,"symptomatic management (acetaminophen, ibuprofen); condition-specific therapy as indicated"
pleural effusion,"symptomatic management (acetaminophen, ibuprofen); condition-specific therapy as indicated"
pneumoconiosis,"symptomatic management (acetaminophen, ibuprofen); condition-specific therapy as indicated"
pneumonia,"amoxicillin-clavulanate or azithromycin (outpatient), ceftriaxone + azithromycin (inpatient)"
pneumothorax,"symptomatic management (acetaminophen, ibuprofen); condition-specific therapy as indicated"
poisoning due to analgesics,"symptomatic management (acetaminophen, ibuprofen); condition-specific therapy as indicated"
poisoning due to anticonvulsants,"symptomatic management (acetaminophen, ibuprofen); condition-specific therapy as indicated"
poisoning due to antidepressants,"symptomatic management (acetaminophen, ibuprofen); condition-specific therapy as indicated"
poisoning due to antihypertensives,"symptomatic management (acetaminophen, ibuprofen); condition-specific therapy as indicated"
poisoning due to antimicrobial drugs,"aspirin, P2Y12 inhibitor (clopidogrel), heparin, beta blocker, high-intensity statin"
poisoning due to antipsychotics,"symptomatic management (acetaminophen, ibuprofen); condition-specific therapy as indicated"
poisoning due to ethylene glycol,"fomepizole, ethanol (antidote), hemodialysis, sodium bicarbonate"
poisoning due to gas,"symptomatic management (acetaminophen, ibuprofen); condition-specific therapy as indicated"
poisoning due to opioids,naloxone
poisoning due to sedatives,"symptomatic management (acetaminophen, ibuprofen); condition-specific therapy as indicated"
polycystic kidney disease,"combined oral contraceptive, metformin, spironolactone"
polycystic ovarian syndrome (pcos),"combined oral contraceptive, metformin, spironolactone"
polycythemia vera,"aspirin, P2Y12 inhibitor (clopidogrel), heparin, beta blocker, high-intensity statin"
polymyalgia rheumatica,"symptomatic management (acetaminophen, ibuprofen); condition-specific therapy as indicated"
post-traumatic stress disorder (ptsd),"sertraline, paroxetine, prazosin (for nightmares)"
postoperative infection,"symptomatic management (acetaminophen, ibuprofen); condition-specific therapy as indicated"
postpartum depression,"sertraline, escitalopram, fluoxetine, bupropion"
preeclampsia,"labetalol, hydralazine, magnesium sulfate (seizure prophylaxis)"
pregnancy,"symptomatic management (acetaminophen, ibuprofen); condition-specific therapy as indicated"
premature atrial contractions (pacs),"symptomatic management (acetaminophen, ibuprofen); condition-specific therapy as indicated"
premature ovarian failure,"symptomatic management (acetaminophen, ibuprofen); condition-specific therapy as indicated"
premature rupture of amniotic membrane,"symptomatic management (acetaminophen, ibuprofen); condition-specific therapy as indicated"
premature ventricular contractions (pvcs),"symptomatic management (acetaminophen, ibuprofen); condition-specific therapy as indicated"
premenstrual tension syndrome,"symptomatic management (acetaminophen, ibuprofen); condition-specific therapy as indicated"
presbyacusis,"symptomatic management (acetaminophen, ibuprofen); condition-specific therapy as indicated"
presbyopia,"symptomatic management (acetaminophen, ibuprofen); condition-specific therapy as indicated"
priapism,"symptomatic management (acetaminophen, ibuprofen); condition-specific therapy as indicated"
primary immunodeficiency,"symptomatic management (acetaminophen, ibuprofen); condition-specific therapy as indicated"
primary insomnia,"zolpidem, eszopiclone, melatonin"
primary kidney disease,"symptomatic management (acetaminophen, ibuprofen); condition-specific therapy as indicated"
primary thrombocythemia,"aspirin, P2Y12 inhibitor (clopidogrel), heparin, beta blocker, high-intensity statin"
problem during pregnancy,"symptomatic management (acetaminophen, ibuprofen); condition-specific therapy as indicated"
prostate cancer,"symptomatic management (acetaminophen, ibuprofen); condition-specific therapy as indicated"
prostatitis,"symptomatic management (acetaminophen, ibuprofen); condition-specific therapy as indicated"
protein deficiency,"symptomatic management (acetaminophen, ibuprofen); condition-specific therapy as indicated"
pseudohypoparathyroidism,"symptomatic management (acetaminophen, ibuprofen); condition-specific therapy as indicated"
pseudotumor cerebri,"symptomatic management (acetaminophen, ibuprofen); condition-specific therapy as indicated"
psoriasis,"topical corticosteroids, calcipotriene, adalimumab (moderate-severe)"
psychosexual disorder,"symptomatic management (acetaminophen, ibuprofen); condition-specific therapy as indicated"
psychotic disorder,"symptomatic management (acetaminophen, ibuprofen); condition-specific therapy as indicated"
pterygium,"symptomatic management (acetaminophen, ibuprofen); condition-specific therapy as indicated"
pulmonary congestion,"symptomatic management (acetaminophen, ibuprofen); condition-specific therapy as indicated"
pulmonary embolism,"apixaban, rivaroxaban, heparin-warfarin bridge"
pulmonary eosinophilia,"symptomatic management (acetaminophen, ibuprofen); condition-specific therapy as indicated"
pulmonary fibrosis,"symptomatic management (acetaminophen, ibuprofen); condition-specific therapy as indicated"
pulmonary hypertension,"ACE inhibitor (lisinopril), thiazide diuretic (chlorthalidone), calcium channel blocker (amlodipine)"
pulmonic valve disease,"symptomatic management (acetaminophen, ibuprofen); condition-specific therapy as indicated"
pyelonephritis,"ciprofloxacin, ceftriaxone (initial)"
pyloric stenosis,"symptomatic management (acetaminophen, ibuprofen); condition-specific therapy as indicated"
pyogenic skin infection,"symptomatic management (acetaminophen, ibuprofen); condition-specific therapy as indicated"
raynaud disease,"symptomatic management (acetaminophen, ibuprofen); condition-specific therapy as indicated"
reactive arthritis,"symptomatic management (acetaminophen, ibuprofen); condition-specific therapy as indicated"
rectal disorder,"symptomatic management (acetaminophen, ibuprofen); condition-specific therapy as indicated"
restless leg syndrome,"symptomatic management (acetaminophen, ibuprofen); condition-specific therapy as indicated"
retinal detachment,"symptomatic management (acetaminophen, ibuprofen); condition-specific therapy as indicated"
retinopathy due to high blood pressure,"ACE inhibitor (lisinopril), thiazide diuretic (chlorthalidone), calcium channel blocker (amlodipine)"
rhabdomyolysis,"symptomatic management (acetaminophen, ibuprofen); condition-specific therapy as indicated"
rheumatic fever,"symptomatic management (acetaminophen, ibuprofen); condition-specific therapy as indicated"
rheumatoid arthritis,"methotrexate, hydroxychloroquine, adalimumab"
rocky mountain spotted fever,"symptomatic management (acetaminophen, ibuprofen); condition-specific therapy as indicated"
rosacea,"symptomatic management (acetaminophen, ibuprofen); condition-specific therapy as indicated"
rotator cuff injury,"acetaminophen, NSAIDs, short-course opioids (severe)"
salivary gland disorder,"symptomatic management (acetaminophen, ibuprofen); condition-specific therapy as indicated"
sarcoidosis,"symptomatic management (acetaminophen, ibuprofen); condition-specific therapy as indicated"
scabies,"permethrin 5% cream, ivermectin (oral)"
scar,"symptomatic management (acetaminophen, ibuprofen); condition-specific therapy as indicated"
scarlet fever,"symptomatic management (acetaminophen, ibuprofen); condition-specific therapy as indicated"
schizophrenia,"risperidone, olanzapine, quetiapine, aripiprazole"
sciatica,"NSAIDs, muscle relaxant (cyclobenzaprine), gabapentin (neuropathic)"
scleritis,"symptomatic management (acetaminophen, ibuprofen); condition-specific therapy as indicated"
scleroderma,"symptomatic management (acetaminophen, ibuprofen); condition-specific therapy as indicated"
scoliosis,"symptomatic management (acetaminophen, ibuprofen); condition-specific therapy as indicated"
scurvy,"symptomatic management (acetaminophen, ibuprofen); condition-specific therapy as indicated"
seasonal allergies (hay fever),"symptomatic management (acetaminophen, ibuprofen); condition-specific therapy as indicated"
sebaceous cyst,"symptomatic management (acetaminophen, ibuprofen); condition-specific therapy as indicated"
seborrheic dermatitis,"symptomatic management (acetaminophen, ibuprofen); condition-specific therapy as indicated"
seborrheic keratosis,"symptomatic management (acetaminophen, ibuprofen); condition-specific therapy as indicated"
sensorineural hearing loss,"symptomatic management (acetaminophen, ibuprofen); condition-specific therapy as indicated"
sepsis,"symptomatic management (acetaminophen, ibuprofen); condition-specific therapy as indicated"
septic arthritis,"symptomatic management (acetaminophen, ibuprofen); condition-specific therapy as indicated"
shingles (herpes zoster),"acyclovir, valacyclovir"
sialoadenitis,"symptomatic management (acetaminophen, ibuprofen); condition-specific therapy as indicated"
sick sinus syndrome,"symptomatic management (acetaminophen, ibuprofen); condition-specific therapy as indicated"
sickle cell anemia,"aspirin, P2Y12 inhibitor (clopidogrel), heparin, beta blocker, high-intensity statin"
sickle cell crisis,"symptomatic management (acetaminophen, ibuprofen); condition-specific therapy as indicated"
sinus bradycardia,"symptomatic management (acetaminophen, ibuprofen); condition-specific therapy as indicated"
sjogren syndrome,"symptomatic management (acetaminophen, ibuprofen); condition-specific therapy as indicated"
skin cancer,"symptomatic management (acetaminophen, ibuprofen); condition-specific therapy as indicated"
skin disorder,"symptomatic management (acetaminophen, ibuprofen); condition-specific therapy as indicated"
skin pigmentation disorder,"symptomatic management (acetaminophen, ibuprofen); condition-specific therapy as indicated"
skin polyp,"symptomatic management (acetaminophen, ibuprofen); condition-specific therapy as indicated"
smoking or tobacco addiction,"symptomatic management (acetaminophen, ibuprofen); condition-specific therapy as indicated"
social phobia,"symptomatic management (acetaminophen, ibuprofen); condition-specific therapy as indicated"
soft tissue sarcoma,"disease-specific chemotherapy/immunotherapy per protocol (e.g., imatinib for CML)"
somatization disorder,"symptomatic management (acetaminophen, ibuprofen); condition-specific therapy as indicated"
spermatocele,"symptomatic management (acetaminophen, ibuprofen); condition-specific therapy as indicated"
spherocytosis,"symptomatic management (acetaminophen, ibuprofen); condition-specific therapy as indicated"
spina bifida,"symptomatic management (acetaminophen, ibuprofen); condition-specific therapy as indicated"
spinal stenosis,"symptomatic management (acetaminophen, ibuprofen); condition-specific therapy as indicated"
spinocerebellar ataxia,"symptomatic management (acetaminophen, ibuprofen); condition-specific therapy as indicated"
spondylitis,"symptomatic management (acetaminophen, ibuprofen); condition-specific therapy as indicated"
spondylolisthesis,"symptomatic management (acetaminophen, ibuprofen); condition-specific therapy as indicated"
spondylosis,"symptomatic management (acetaminophen, ibuprofen); condition-specific therapy as indicated"
spontaneous abortion,"symptomatic management (acetaminophen, ibuprofen); condition-specific therapy as indicated"
sporotrichosis,"symptomatic management (acetaminophen, ibuprofen); condition-specific therapy as indicated"
sprain or strain,"acetaminophen, NSAIDs, short-course opioids (severe)"
stenosis of the tear duct,"symptomatic management (acetaminophen, ibuprofen); condition-specific therapy as indicated"
stomach cancer,"symptomatic management (acetaminophen, ibuprofen); condition-specific therapy as indicated"
strep throat,"symptomatic management (acetaminophen, ibuprofen); condition-specific therapy as indicated"
stress incontinence,"symptomatic management (acetaminophen, ibuprofen); condition-specific therapy as indicated"
stricture of the esophagus,"symptomatic management (acetaminophen, ibuprofen); condition-specific therapy as indicated"
stroke,"symptomatic management (acetaminophen, ibuprofen); condition-specific therapy as indicated"
stye,"symptomatic management (acetaminophen, ibuprofen); condition-specific therapy as indicated"
subacute thyroiditis,"symptomatic management (acetaminophen, ibuprofen); condition-specific therapy as indicated"
subarachnoid hemorrhage,"symptomatic management (acetaminophen, ibuprofen); condition-specific therapy as indicated"
subconjunctival hemorrhage,"symptomatic management (acetaminophen, ibuprofen); condition-specific therapy as indicated"
subdural hemorrhage,"symptomatic management (acetaminophen, ibuprofen); condition-specific therapy as indicated"
substance-related mental disorder,"symptomatic management (acetaminophen, ibuprofen); condition-specific therapy as indicated"
syndrome of inappropriate secretion of adh (siadh),"symptomatic management (acetaminophen, ibuprofen); condition-specific therapy as indicated"
syphilis,"symptomatic management (acetaminophen, ibuprofen); condition-specific therapy as indicated"
syringomyelia,"symptomatic management (acetaminophen, ibuprofen); condition-specific therapy as indicated"
systemic lupus erythematosis (sle),"hydroxychloroquine, corticosteroids, mycophenolate"
teething syndrome,"symptomatic management (acetaminophen, ibuprofen); condition-specific therapy as indicated"
temporary or benign blood in urine,"symptomatic management (acetaminophen, ibuprofen); condition-specific therapy as indicated"
temporomandibular joint disorder,"symptomatic management (acetaminophen, ibuprofen); condition-specific therapy as indicated"
tendinitis,"acetaminophen, NSAIDs, short-course opioids (severe)"
tension headache,"symptomatic management (acetaminophen, ibuprofen); condition-specific therapy as indicated"
testicular cancer,"symptomatic management (acetaminophen, ibuprofen); condition-specific therapy as indicated"
testicular disorder,"symptomatic management (acetaminophen, ibuprofen); condition-specific therapy as indicated"
testicular torsion,"symptomatic management (acetaminophen, ibuprofen); condition-specific therapy as indicated"
thalassemia,"aspirin, P2Y12 inhibitor (clopidogrel), heparin, beta blocker, high-intensity statin"
thoracic aortic aneurysm,"symptomatic management (acetaminophen, ibuprofen); condition-specific therapy as indicated"
thoracic outlet syndrome,"symptomatic management (acetaminophen, ibuprofen); condition-specific therapy as indicated"
threatened pregnancy,"symptomatic management (acetaminophen, ibuprofen); condition-specific therapy as indicated"
thrombocytopenia,"symptomatic management (acetaminophen, ibuprofen); condition-specific therapy as indicated"
thrombophlebitis,"symptomatic management (acetaminophen, ibuprofen); condition-specific therapy as indicated"
thyroid cancer,"symptomatic management (acetaminophen, ibuprofen); condition-specific therapy as indicated"
thyroid disease,"symptomatic management (acetaminophen, ibuprofen); condition-specific therapy as indicated"
thyroid nodule,"symptomatic management (acetaminophen, ibuprofen); condition-specific therapy as indicated"
tic (movement) disorder,"symptomatic management (acetaminophen, ibuprofen); condition-specific therapy as indicated"
tietze syndrome,"symptomatic management (acetaminophen, ibuprofen); condition-specific therapy as indicated"
tinnitus of unknown cause,"symptomatic management (acetaminophen, ibuprofen); condition-specific therapy as indicated"
tonsillar hypertrophy,"symptomatic management (acetaminophen, ibuprofen); condition-specific therapy as indicated"
tonsillitis,"symptomatic management (acetaminophen, ibuprofen); condition-specific therapy as indicated"
tooth abscess,"symptomatic management (acetaminophen, ibuprofen); condition-specific therapy as indicated"
tooth disorder,"symptomatic management (acetaminophen, ibuprofen); condition-specific therapy as indicated"
torticollis,"symptomatic management (acetaminophen, ibuprofen); condition-specific therapy as indicated"
tourette syndrome,"symptomatic management (acetaminophen, ibuprofen); condition-specific therapy as indicated"
toxic multinodular goiter,"symptomatic management (acetaminophen, ibuprofen); condition-specific therapy as indicated"
toxoplasmosis,"symptomatic management (acetaminophen, ibuprofen); condition-specific therapy as indicated"
tracheitis,"symptomatic management (acetaminophen, ibuprofen); condition-specific therapy as indicated"
transient ischemic attack,"aspirin, P2Y12 inhibitor (clopidogrel), heparin, beta blocker, high-intensity statin"
trichiasis,"symptomatic management (acetaminophen, ibuprofen); condition-specific therapy as indicated"
trichinosis,"symptomatic management (acetaminophen, ibuprofen); condition-specific therapy as indicated"
trichomonas infection,"symptomatic management (acetaminophen, ibuprofen); condition-specific therapy as indicated"
tricuspid valve disease,ceftriaxone + doxycycline + metronidazole
trigeminal neuralgia,"aspirin, P2Y12 inhibitor (clopidogrel), heparin, beta blocker, high-intensity statin"
trigger finger (finger disorder),"symptomatic management (acetaminophen, ibuprofen); condition-specific therapy as indicated"
tuberculosis,"isoniazid, rifampin, ethambutol, pyrazinamide"
tuberous sclerosis,"symptomatic management (acetaminophen, ibuprofen); condition-specific therapy as indicated"
turner syndrome,"growth hormone, estrogen replacement"
typhoid fever,"symptomatic management (acetaminophen, ibuprofen); condition-specific therapy as indicated"
ulcerative colitis,"mesalamine, corticosteroids, infliximab"
urethral disorder,"symptomatic management (acetaminophen, ibuprofen); condition-specific therapy as indicated"
urethral stricture,"symptomatic management (acetaminophen, ibuprofen); condition-specific therapy as indicated"
urethral valves,"symptomatic management (acetaminophen, ibuprofen); condition-specific therapy as indicated"
urethritis,"symptomatic management (acetaminophen, ibuprofen); condition-specific therapy as indicated"
urge incontinence,"symptomatic management (acetaminophen, ibuprofen); condition-specific therapy as indicated"
urinary tract infection,"nitrofurantoin, trimethoprim-sulfamethoxazole, fosfomycin"
urinary tract obstruction,"symptomatic management (acetaminophen, ibuprofen); condition-specific therapy as indicated"
uterine atony,"symptomatic management (acetaminophen, ibuprofen); condition-specific therapy as indicated"
uterine cancer,"symptomatic management (acetaminophen, ibuprofen); condition-specific therapy as indicated"
uterine fibroids,"tranexamic acid, leuprolide"
uveitis,"symptomatic management (acetaminophen, ibuprofen); condition-specific therapy as indicated"
vacterl syndrome,"symptomatic management (acetaminophen, ibuprofen); condition-specific therapy as indicated"
vaginal cyst,"symptomatic management (acetaminophen, ibuprofen); condition-specific therapy as indicated"
vaginal yeast infection,"symptomatic management (acetaminophen, ibuprofen); condition-specific therapy as indicated"
vaginismus,"symptomatic management (acetaminophen, ibuprofen); condition-specific therapy as indicated"
vaginitis,"metronidazole (BV or trichomoniasis), fluconazole (candidiasis)"
valley fever,"symptomatic management (acetaminophen, ibuprofen); condition-specific therapy as indicated"
varicocele of the testicles,"symptomatic management (acetaminophen, ibuprofen); condition-specific therapy as indicated"
varicose veins,"symptomatic management (acetaminophen, ibuprofen); condition-specific therapy as indicated"
vasculitis,"symptomatic management (acetaminophen, ibuprofen); condition-specific therapy as indicated"
venous insufficiency,"symptomatic management (acetaminophen, ibuprofen); condition-specific therapy as indicated"
vertebrobasilar insufficiency,"symptomatic management (acetaminophen, ibuprofen); condition-specific therapy as indicated"
vesicoureteral reflux,"omeprazole, pantoprazole"
viral exanthem,"symptomatic management (acetaminophen, ibuprofen); condition-specific therapy as indicated"
viral hepatitis,"symptomatic management (acetaminophen, ibuprofen); condition-specific therapy as indicated"
viral warts,"symptomatic management (acetaminophen, ibuprofen); condition-specific therapy as indicated"
vitamin a deficiency,"aspirin, P2Y12 inhibitor (clopidogrel), heparin, beta blocker, high-intensity statin"
vitamin b12 deficiency,"aspirin, P2Y12 inhibitor (clopidogrel), heparin, beta blocker, high-intensity statin"
vitamin d deficiency,"aspirin, P2Y12 inhibitor (clopidogrel), heparin, beta blocker, high-intensity statin"
vitreous degeneration,"symptomatic management (acetaminophen, ibuprofen); condition-specific therapy as indicated"
vitreous hemorrhage,"symptomatic management (acetaminophen, ibuprofen); condition-specific therapy as indicated"
vocal cord polyp,conservative: proton-pump inhibitor if reflux-related
volvulus,"symptomatic management (acetaminophen, ibuprofen); condition-specific therapy as indicated"
von willebrand disease,"symptomatic management (acetaminophen, ibuprofen); condition-specific therapy as indicated"
vulvar cancer,"symptomatic management (acetaminophen, ibuprofen); condition-specific therapy as indicated"
vulvar disorder,"symptomatic management (acetaminophen, ibuprofen); condition-specific therapy as indicated"
vulvodynia,"symptomatic management (acetaminophen, ibuprofen); condition-specific therapy as indicated"
wernicke korsakoff syndrome,"symptomatic management (acetaminophen, ibuprofen); condition-specific therapy as indicated"
white blood cell disease,"symptomatic management (acetaminophen, ibuprofen); condition-specific therapy as indicated"
whooping cough,"symptomatic management (acetaminophen, ibuprofen); condition-specific therapy as indicated"
wilson disease,"symptomatic management (acetaminophen, ibuprofen); condition-specific therapy as indicated"
yeast infection,"symptomatic management (acetaminophen, ibuprofen); condition-specific therapy as indicated"
zenker diverticulum,"symptomatic management (acetaminophen, ibuprofen); condition-specific therapy as indicated"
